Start Time,End Time,Tag,Note,Tree Type,Is Success
2020-03-19T11:04:38.590+0300,2020-03-19T11:24:38.590+0300,Ayar Kaldırıldı,,Sedir Ağacı,True
2020-03-19T11:29:49.898+0300,2020-03-19T11:59:49.898+0300,Ayar Kaldırıldı,,Sedir Ağacı,True
2020-03-19T12:06:01.392+0300,2020-03-19T12:46:01.392+0300,Ayar Kaldırıldı,,Sedir Ağacı,True
2020-03-19T14:23:55.341+0300,2020-03-19T14:58:55.341+0300,Ayar Kaldırıldı,,Sedir Ağacı,True
2020-03-19T16:02:23.219+0300,2020-03-19T17:02:23.219+0300,Ayar Kaldırıldı,,Sedir Ağacı,True
2020-03-19T22:11:24.268+0300,2020-03-19T22:56:24.268+0300,Ayar Kaldırıldı,,Sedir Ağacı,True
2020-03-20T10:29:08.535+0300,2020-03-20T11:49:08.535+0300,Ayar Kaldırıldı,,Sedir Ağacı,True
2020-03-22T22:34:52.388+0300,2020-03-23T00:04:52.388+0300,Ayar Kaldırıldı,,Sedir Ağacı,True
2020-03-23T12:37:04.181+0300,2020-03-23T14:37:04.181+0300,Ayar Kaldırıldı,,Sedir Ağacı,True
2020-03-23T17:39:57.677+0300,2020-03-23T19:39:57.677+0300,Ayar Kaldırıldı,,Sedir Ağacı,True
2020-03-25T18:40:17.580+0300,2020-03-25T19:00:17.580+0300,Ayar Kaldırıldı,,Sedir Ağacı,True
2020-03-26T10:28:16.972+0300,2020-03-26T10:58:16.972+0300,Ayar Kaldırıldı,,Sedir Ağacı,True
2020-03-26T11:08:17.083+0300,2020-03-26T12:08:17.083+0300,Ayar Kaldırıldı,,Çalı,True
2020-03-26T13:14:02.865+0300,2020-03-26T13:59:02.865+0300,Ayar Kaldırıldı,,Çalı,True
2020-03-27T16:02:36.844+0300,2020-03-27T18:02:36.844+0300,Ayar Kaldırıldı,,Yıldız Mercan,True
2020-03-30T15:00:12.182+0300,2020-03-30T17:00:12.182+0300,Ayar Kaldırıldı,,Guguklu Saat,True
2020-03-30T17:47:45.358+0300,2020-03-30T19:47:45.358+0300,Ayar Kaldırıldı,,Guguklu Saat,True
2020-04-04T15:07:19.993+0300,2020-04-04T17:07:19.993+0300,Ayar Kaldırıldı,,Guguklu Saat,True
2020-04-04T19:14:28.973+0300,2020-04-04T20:14:28.973+0300,Ayar Kaldırıldı,,Guguklu Saat,True
2020-04-04T20:16:54.967+0300,2020-04-04T21:46:54.967+0300,Ayar Kaldırıldı,,Guguklu Saat,True
2020-04-05T15:10:48.480+0300,2020-04-05T17:10:48.480+0300,Ayar Kaldırıldı,,Guguklu Saat,True
2020-04-06T15:37:06.521+0300,2020-04-06T17:37:06.521+0300,Ayar Kaldırıldı,,Guguklu Saat,True
2020-04-06T21:14:02.294+0300,2020-04-06T22:14:02.294+0300,Ayar Kaldırıldı,,Sedir Ağacı,True
2020-04-08T11:43:23.510+0300,2020-04-08T13:13:23.510+0300,Ayar Kaldırıldı,,Sedir Ağacı,True
2020-04-08T14:09:11.826+0300,2020-04-08T16:09:11.826+0300,Ayar Kaldırıldı,,Sedir Ağacı,True
2020-04-10T12:48:31.895+0300,2020-04-10T14:48:31.895+0300,Ayar Kaldırıldı,,Sedir Ağacı,True
2020-04-10T16:57:59.165+0300,2020-04-10T18:17:59.165+0300,Ayar Kaldırıldı,,Sedir Ağacı,True
2020-04-11T14:54:30.434+0300,2020-04-11T16:54:30.434+0300,Ayar Kaldırıldı,,Sedir Ağacı,True
2020-04-28T11:30:27.558+0300,2020-04-28T12:15:27.558+0300,Ayar Kaldırıldı,,Sedir Ağacı,True
2020-05-05T13:59:42.375+0300,2020-05-05T14:59:42.375+0300,Ayar Kaldırıldı,,Sedir Ağacı,True
2020-05-06T14:13:44.041+0300,2020-05-06T14:53:44.041+0300,Ayar Kaldırıldı,,Sedir Ağacı,True
2020-05-06T14:55:28.241+0300,2020-05-06T15:40:28.241+0300,Ayar Kaldırıldı,,Sedir Ağacı,True
2020-05-07T00:37:31.430+0300,2020-05-07T01:37:31.430+0300,Ayar Kaldırıldı,,Sedir Ağacı,True
2020-05-21T11:41:14.167+0300,2020-05-21T13:11:14.167+0300,Ayar Kaldırıldı,,Sedir Ağacı,True
2020-06-09T13:47:56.100+0300,2020-06-09T15:47:56.100+0300,Ayar Kaldırıldı,,Sedir Ağacı,True
2020-07-16T13:23:48.889+0300,2020-07-16T13:53:48.889+0300,Ayar Kaldırıldı,,Sedir Ağacı,True
2020-07-16T14:15:47.378+0300,2020-07-16T14:30:47.378+0300,Ayar Kaldırıldı,,Sedir Ağacı,True
2020-07-16T14:32:11.273+0300,2020-07-16T15:32:11.273+0300,Ayar Kaldırıldı,,Sedir Ağacı,True
2020-07-17T17:29:23.186+0300,2020-07-17T17:59:23.186+0300,Ayar Kaldırıldı,,Sedir Ağacı,True
2020-07-18T17:02:49.823+0300,2020-07-18T17:32:49.823+0300,Ayar Kaldırıldı,,Sedir Ağacı,True
2020-07-28T15:17:13.057+0300,2020-07-28T17:17:13.057+0300,Ayar Kaldırıldı,,Sedir Ağacı,True
2020-08-08T16:29:07.142+0300,2020-08-08T17:29:07.142+0300,Ayar Kaldırıldı,,Sedir Ağacı,True
2020-08-08T23:05:19.613+0300,2020-08-09T00:05:19.613+0300,Ayar Kaldırıldı,,Sedir Ağacı,True
2020-08-29T13:41:19.843+0300,2020-08-29T14:41:19.843+0300,Ayar Kaldırıldı,,Sedir Ağacı,True
2020-08-29T16:05:04.894+0300,2020-08-29T16:55:04.894+0300,Ayar Kaldırıldı,,Sedir Ağacı,True
2020-08-29T17:00:31.271+0300,2020-08-29T17:10:31.271+0300,Ayar Kaldırıldı,,Sedir Ağacı,True
2020-08-30T16:15:14.873+0300,2020-08-30T18:15:14.873+0300,Ayar Kaldırıldı,,Sedir Ağacı,True
2020-08-30T18:15:24.820+0300,2020-08-30T18:30:24.820+0300,Ayar Kaldırıldı,,Sedir Ağacı,True
2020-08-31T21:21:21.556+0300,2020-08-31T21:51:21.556+0300,Ayar Kaldırıldı,,Sedir Ağacı,True
2020-08-31T21:51:33.100+0300,2020-08-31T22:06:33.100+0300,Ayar Kaldırıldı,,Sedir Ağacı,True
2020-09-02T20:32:14.462+0300,2020-09-02T20:47:14.462+0300,Ayar Kaldırıldı,,Sedir Ağacı,True
2020-09-06T11:30:15.732+0300,2020-09-06T12:30:15.732+0300,Ayar Kaldırıldı,,Sedir Ağacı,True
2020-09-06T13:24:51.125+0300,2020-09-06T14:24:51.125+0300,Ayar Kaldırıldı,,Sedir Ağacı,True
2020-09-06T15:35:25.277+0300,2020-09-06T15:55:25.277+0300,Ayar Kaldırıldı,,Sedir Ağacı,True
2020-09-06T16:51:56.616+0300,2020-09-06T17:21:56.616+0300,Ayar Kaldırıldı,,Sedir Ağacı,True
2020-09-09T19:28:22.878+0300,2020-09-09T19:53:22.878+0300,Ayar Kaldırıldı,,Sedir Ağacı,True
2020-09-09T21:41:54.218+0300,2020-09-09T22:11:54.218+0300,Ayar Kaldırıldı,,Sedir Ağacı,True
2020-09-10T22:11:05.563+0300,2020-09-10T22:41:05.563+0300,Ayar Kaldırıldı,,Sedir Ağacı,True
2020-09-12T14:12:09.731+0300,2020-09-12T16:12:09.731+0300,Ayar Kaldırıldı,,Sedir Ağacı,True
2020-09-13T13:32:33.516+0300,2020-09-13T14:32:33.516+0300,Ayar Kaldırıldı,,Sedir Ağacı,True
2020-09-13T15:39:36.564+0300,2020-09-13T16:09:36.564+0300,Ayar Kaldırıldı,,Sedir Ağacı,True
2020-09-13T16:48:03.002+0300,2020-09-13T18:18:03.002+0300,Ayar Kaldırıldı,,Sedir Ağacı,True
2020-09-14T21:04:26.733+0300,2020-09-14T21:24:26.733+0300,Ayar Kaldırıldı,,Sedir Ağacı,True
2020-09-15T21:14:18.334+0300,2020-09-15T21:34:18.334+0300,Ayar Kaldırıldı,,Sedir Ağacı,True
2020-09-17T22:38:37.792+0300,2020-09-17T22:58:37.792+0300,Ayar Kaldırıldı,,Sedir Ağacı,True
2020-09-20T14:16:36.773+0300,2020-09-20T14:41:36.773+0300,Study,,Guguklu Saat,True
2020-09-20T14:53:38.963+0300,2020-09-20T15:53:38.963+0300,Study,,Guguklu Saat,True
2020-09-22T12:54:29.182+0300,2020-09-22T13:24:29.182+0300,Study,,Guguklu Saat,True
2020-09-22T14:29:15.017+0300,2020-09-22T14:59:15.017+0300,Study,,Guguklu Saat,True
2020-09-24T13:29:19.588+0300,2020-09-24T13:59:19.588+0300,Study,,Guguklu Saat,True
2020-09-25T09:37:31.425+0300,2020-09-25T10:37:31.425+0300,Study,,Guguklu Saat,True
2020-09-25T17:51:02.539+0300,2020-09-25T18:01:02.539+0300,Study,,Guguklu Saat,True
2020-09-27T10:00:47.010+0300,2020-09-27T10:15:47.010+0300,Study,,Guguklu Saat,True
2020-09-27T16:29:42.443+0300,2020-09-27T17:04:42.443+0300,Study,,Guguklu Saat,True
2020-09-27T17:45:25.470+0300,2020-09-27T18:25:25.470+0300,Study,,Guguklu Saat,True
2020-09-27T21:04:20.724+0300,2020-09-27T21:44:20.724+0300,Study,,Guguklu Saat,True
2020-09-29T23:04:31.061+0300,2020-09-29T23:39:31.061+0300,Study,,Guguklu Saat,True
2020-09-30T10:07:54.550+0300,2020-09-30T11:07:54.550+0300,Study,,Guguklu Saat,True
2020-09-30T11:19:19.580+0300,2020-09-30T11:49:19.580+0300,Study,,Guguklu Saat,True
2020-09-30T12:08:20.620+0300,2020-09-30T12:18:20.620+0300,Study,,Guguklu Saat,True
2020-10-01T12:51:40.035+0300,2020-10-01T14:01:40.035+0300,Study,,Guguklu Saat,True
2020-10-03T22:19:03.337+0300,2020-10-03T22:34:03.337+0300,Study,,Guguklu Saat,True
2020-10-10T00:06:45.469+0300,2020-10-10T00:26:45.469+0300,Study,,Guguklu Saat,True
2020-10-26T11:39:38.418+0300,2020-10-26T11:49:38.418+0300,Study,,Guguklu Saat,True
2020-11-06T14:46:05.473+0300,2020-11-06T15:31:05.473+0300,Study,,Guguklu Saat,True
2020-11-08T10:06:44.857+0300,2020-11-08T10:46:44.857+0300,Study,,Guguklu Saat,True
2020-11-08T11:53:42.578+0300,2020-11-08T12:18:42.578+0300,Study,,Guguklu Saat,True
2020-11-08T20:59:39.509+0300,2020-11-08T22:29:39.509+0300,Study,,Guguklu Saat,True
2020-11-09T13:42:11.695+0300,2020-11-09T14:12:11.695+0300,Study,,Guguklu Saat,True
2020-11-10T12:09:49.812+0300,2020-11-10T12:34:49.812+0300,Study,,Guguklu Saat,True
2020-11-10T14:39:53.663+0300,2020-11-10T15:09:53.663+0300,Study,,Guguklu Saat,True
2020-11-11T17:17:13.629+0300,2020-11-11T17:47:13.629+0300,Study,,Guguklu Saat,True
2020-11-19T15:47:29.279+0300,2020-11-19T16:27:29.279+0300,Study,,Guguklu Saat,True
2020-11-21T20:44:57.682+0300,2020-11-21T21:14:57.682+0300,Study,,Guguklu Saat,True
2020-11-21T21:19:20.233+0300,2020-11-21T21:44:20.233+0300,Study,,Guguklu Saat,True
2020-11-30T20:18:16.185+0300,2020-11-30T21:08:16.185+0300,Study,,Guguklu Saat,True
2020-12-01T10:40:26.828+0300,2020-12-01T11:30:26.828+0300,Study,,Guguklu Saat,True
2020-12-01T12:28:01.885+0300,2020-12-01T12:53:01.885+0300,Study,,Guguklu Saat,True
2020-12-01T12:59:35.721+0300,2020-12-01T13:24:35.721+0300,Study,,Guguklu Saat,True
2020-12-01T20:51:46.899+0300,2020-12-01T21:51:46.899+0300,Study,,Guguklu Saat,True
2020-12-02T10:46:12.025+0300,2020-12-02T11:16:12.025+0300,Study,,Guguklu Saat,True
2020-12-02T21:25:32.199+0300,2020-12-02T22:15:32.199+0300,Study,,Guguklu Saat,True
2020-12-03T22:22:43.406+0300,2020-12-03T22:47:43.406+0300,Study,,Guguklu Saat,True
2020-12-05T17:42:13.534+0300,2020-12-05T18:07:13.534+0300,Study,,Guguklu Saat,True
2020-12-05T18:11:52.284+0300,2020-12-05T18:26:52.284+0300,Study,,Guguklu Saat,True
2020-12-05T18:30:38.197+0300,2020-12-05T18:45:38.197+0300,Study,,Guguklu Saat,True
2020-12-06T19:43:52.961+0300,2020-12-06T20:13:52.961+0300,Study,,Guguklu Saat,True
2020-12-06T21:18:32.343+0300,2020-12-06T21:48:32.343+0300,Study,,Guguklu Saat,True
2020-12-08T10:18:09.334+0300,2020-12-08T10:48:09.334+0300,Study,,Guguklu Saat,True
2020-12-12T21:34:42.848+0300,2020-12-12T22:24:42.848+0300,Study,,Guguklu Saat,True
2020-12-13T09:53:44.368+0300,2020-12-13T10:43:44.368+0300,Study,,Guguklu Saat,True
2020-12-13T12:52:15.404+0300,2020-12-13T13:17:15.404+0300,Study,,Guguklu Saat,True
2020-12-13T13:25:45.775+0300,2020-12-13T13:50:45.775+0300,Study,,Guguklu Saat,True
2020-12-13T14:23:10.892+0300,2020-12-13T14:38:10.892+0300,Study,,Guguklu Saat,True
2020-12-19T11:54:48.886+0300,2020-12-19T12:54:48.886+0300,Study,,Guguklu Saat,True
2020-12-19T12:55:19.503+0300,2020-12-19T13:15:19.503+0300,Study,,Guguklu Saat,True
2020-12-19T15:01:16.655+0300,2020-12-19T16:11:16.655+0300,Study,,Guguklu Saat,True
2020-12-19T19:08:09.437+0300,2020-12-19T20:18:09.437+0300,Study,,Guguklu Saat,True
2020-12-19T21:56:24.348+0300,2020-12-19T22:26:24.348+0300,Study,,Guguklu Saat,True
2020-12-20T12:14:28.794+0300,2020-12-20T13:14:28.794+0300,Study,,Guguklu Saat,True
2020-12-21T19:40:40.112+0300,2020-12-21T20:10:40.112+0300,Study,,Guguklu Saat,True
2020-12-21T22:16:02.993+0300,2020-12-21T22:41:02.993+0300,Study,,Guguklu Saat,True
2020-12-22T19:45:15.650+0300,2020-12-22T20:25:15.650+0300,Study,,Guguklu Saat,True
2020-12-29T14:38:18.452+0300,2020-12-29T15:38:18.452+0300,Study,,Guguklu Saat,True
2021-01-14T22:13:39.007+0300,2021-01-14T22:48:39.007+0300,Study,,Guguklu Saat,True
2021-02-01T22:11:44.646+0300,2021-02-01T22:51:44.646+0300,Study,,Guguklu Saat,True
2021-02-12T09:33:18.099+0300,2021-02-12T10:03:18.099+0300,Study,,Guguklu Saat,True
2021-02-14T17:02:06.727+0300,2021-02-14T17:57:06.727+0300,Study,,Guguklu Saat,True
2021-02-14T17:57:38.380+0300,2021-02-14T18:07:38.380+0300,Study,,Guguklu Saat,True
2021-02-18T20:58:18.547+0300,2021-02-18T21:58:18.547+0300,Study,,Guguklu Saat,True
2021-02-18T22:20:43.041+0300,2021-02-18T22:45:43.041+0300,Study,,Guguklu Saat,True
2021-02-21T11:27:00.428+0300,2021-02-21T11:37:00.428+0300,Study,,Guguklu Saat,True
2021-02-21T23:15:10.128+0300,2021-02-21T23:45:10.128+0300,Study,,Guguklu Saat,True
2021-02-24T08:38:17.439+0300,2021-02-24T09:08:17.439+0300,Study,,Guguklu Saat,True
2021-02-24T10:26:44.409+0300,2021-02-24T11:21:44.409+0300,Study,,Guguklu Saat,True
2021-02-25T19:25:21.139+0300,2021-02-25T19:35:21.139+0300,Study,,Guguklu Saat,True
2021-02-27T22:40:09.636+0300,2021-02-27T23:05:09.636+0300,Study,,Guguklu Saat,True
2021-02-28T22:12:23.401+0300,2021-02-28T22:37:23.401+0300,Study,,Guguklu Saat,True
2021-03-01T17:10:05.676+0300,2021-03-01T18:10:05.676+0300,Study,,Guguklu Saat,True
2021-03-01T18:24:43.390+0300,2021-03-01T18:54:43.390+0300,Study,,Guguklu Saat,True
2021-03-02T09:36:15.676+0300,2021-03-02T10:31:15.676+0300,Study,,Guguklu Saat,True
2021-03-03T09:43:51.176+0300,2021-03-03T10:38:51.176+0300,Study,,Guguklu Saat,True
2021-03-05T19:15:55.194+0300,2021-03-05T19:55:55.194+0300,Study,,Guguklu Saat,True
2021-03-05T20:08:38.225+0300,2021-03-05T20:28:38.225+0300,Study,,Guguklu Saat,True
2021-03-06T10:55:21.895+0300,2021-03-06T12:40:21.895+0300,Study,,Guguklu Saat,True
2021-03-06T21:49:03.921+0300,2021-03-06T22:44:03.921+0300,Study,,Guguklu Saat,True
2021-03-10T17:10:28.046+0300,2021-03-10T18:15:28.046+0300,Study,,Guguklu Saat,True
2021-03-10T19:48:18.869+0300,2021-03-10T20:18:18.869+0300,Study,,Guguklu Saat,True
2021-03-11T12:28:02.003+0300,2021-03-11T13:18:02.003+0300,Study,,Guguklu Saat,True
2021-03-14T22:58:47.039+0300,2021-03-14T23:23:47.039+0300,Study,,Guguklu Saat,True
2021-03-17T20:13:35.079+0300,2021-03-17T21:18:35.079+0300,Study,,Guguklu Saat,True
2021-03-18T10:07:24.851+0300,2021-03-18T11:07:24.851+0300,Study,,Guguklu Saat,True
2021-03-19T16:31:55.403+0300,2021-03-19T17:01:55.403+0300,Study,,Guguklu Saat,True
2021-03-20T21:19:39.149+0300,2021-03-20T21:49:39.149+0300,Study,,Guguklu Saat,True
2021-03-20T22:10:33.305+0300,2021-03-20T22:40:33.305+0300,Study,,Guguklu Saat,True
2021-03-21T21:55:32.983+0300,2021-03-21T22:25:32.983+0300,Study,,Guguklu Saat,True
2021-03-22T09:55:19.870+0300,2021-03-22T10:25:19.870+0300,Study,,Guguklu Saat,True
2021-03-22T11:08:14.578+0300,2021-03-22T11:38:14.578+0300,Study,,Guguklu Saat,True
2021-03-24T18:29:13.668+0300,2021-03-24T19:09:13.668+0300,Study,,Guguklu Saat,True
2021-03-28T22:44:29.243+0300,2021-03-28T22:59:29.243+0300,Study,,Guguklu Saat,True
2021-03-28T23:36:51.456+0300,2021-03-28T23:51:51.456+0300,Study,,Guguklu Saat,True
2021-03-29T17:22:51.272+0300,2021-03-29T17:52:51.272+0300,Study,,Guguklu Saat,True
2021-03-29T19:29:06.211+0300,2021-03-29T19:59:06.211+0300,Study,,Guguklu Saat,True
2021-03-29T21:57:23.366+0300,2021-03-29T22:47:23.366+0300,Study,,Guguklu Saat,True
2021-03-31T18:27:26.760+0300,2021-03-31T19:37:26.760+0300,Study,,Guguklu Saat,True
2021-04-02T09:50:46.043+0300,2021-04-02T10:30:46.043+0300,Study,,Guguklu Saat,True
2021-04-05T11:47:56.335+0300,2021-04-05T12:57:56.335+0300,Study,,Guguklu Saat,True
2021-04-08T21:12:22.409+0300,2021-04-08T22:02:22.409+0300,Study,,Guguklu Saat,True
2021-04-11T20:44:25.916+0300,2021-04-11T21:24:25.916+0300,Study,,Guguklu Saat,True
2021-04-12T19:51:02.325+0300,2021-04-12T20:31:02.325+0300,Study,,Guguklu Saat,True
2021-04-13T09:29:37.239+0300,2021-04-13T10:29:37.239+0300,Study,,Guguklu Saat,True
2021-04-13T22:26:48.010+0300,2021-04-13T23:01:48.010+0300,Study,sıkıldım,Guguklu Saat,True
2021-04-14T22:10:23.545+0300,2021-04-14T23:00:23.545+0300,Study,,Guguklu Saat,True
2021-04-15T11:27:43.462+0300,2021-04-15T12:12:43.462+0300,Study,,Guguklu Saat,True
2021-04-15T16:28:22.465+0300,2021-04-15T17:28:22.465+0300,Study,,Guguklu Saat,True
2021-04-15T18:08:59.381+0300,2021-04-15T18:43:59.381+0300,Study,,Guguklu Saat,True
2021-04-15T21:52:58.324+0300,2021-04-15T22:47:58.324+0300,Study,,Guguklu Saat,True
2021-04-16T18:48:06.787+0300,2021-04-16T20:33:06.787+0300,Study,,Guguklu Saat,True
2021-04-18T22:28:43.914+0300,2021-04-18T23:08:43.914+0300,Study,,Guguklu Saat,True
2021-04-19T15:39:14.212+0300,2021-04-19T17:39:14.212+0300,Study,,Guguklu Saat,True
2021-04-19T20:41:33.066+0300,2021-04-19T21:36:33.066+0300,Study,,Guguklu Saat,True
2021-04-22T17:38:31.901+0300,2021-04-22T19:18:31.901+0300,Study,,Guguklu Saat,True
2021-04-22T21:42:52.035+0300,2021-04-22T22:22:52.035+0300,Study,,Guguklu Saat,True
2021-04-23T22:15:29.712+0300,2021-04-23T22:50:29.712+0300,Study,,Guguklu Saat,True
2021-04-25T16:11:42.345+0300,2021-04-25T16:46:42.345+0300,Study,,Guguklu Saat,True
2021-04-25T22:16:14.910+0300,2021-04-25T23:01:14.910+0300,Study,,Guguklu Saat,True
2021-04-26T21:23:16.275+0300,2021-04-26T22:08:16.275+0300,Study,,Guguklu Saat,True
2021-04-28T19:07:44.126+0300,2021-04-28T19:52:44.126+0300,Study,,Guguklu Saat,True
2021-04-30T13:08:57.059+0300,2021-04-30T13:53:57.059+0300,Study,,Guguklu Saat,True
2021-04-30T19:51:38.569+0300,2021-04-30T20:36:38.569+0300,Study,,Guguklu Saat,True
2021-05-01T14:00:30.124+0300,2021-05-01T14:55:30.124+0300,Study,,Guguklu Saat,True
2021-05-01T18:03:41.499+0300,2021-05-01T18:33:41.499+0300,Study,,Guguklu Saat,True
2021-05-02T17:05:54.182+0300,2021-05-02T17:40:54.182+0300,Study,,Guguklu Saat,True
2021-05-03T18:19:42.472+0300,2021-05-03T19:19:42.472+0300,Study,,Guguklu Saat,True
2021-05-04T10:04:57.894+0300,2021-05-04T11:29:57.894+0300,Study,,Guguklu Saat,True
2021-05-05T08:13:42.048+0300,2021-05-05T08:48:42.048+0300,Study,,Guguklu Saat,True
2021-05-05T22:28:04.448+0300,2021-05-05T22:58:04.448+0300,Study,,Guguklu Saat,True
2021-05-06T08:02:14.106+0300,2021-05-06T08:37:14.106+0300,Study,,Guguklu Saat,True
2021-05-08T12:36:49.270+0300,2021-05-08T13:11:49.270+0300,Study,,Guguklu Saat,True
2021-05-09T18:23:05.468+0300,2021-05-09T18:53:05.468+0300,Study,,Guguklu Saat,True
2021-05-09T19:56:41.698+0300,2021-05-09T20:41:41.698+0300,Study,,Guguklu Saat,True
2021-05-09T21:39:39.575+0300,2021-05-09T22:24:39.575+0300,Study,,Guguklu Saat,True
2021-05-10T14:16:33.151+0300,2021-05-10T16:16:33.151+0300,Study,,Guguklu Saat,True
2021-05-11T17:07:21.084+0300,2021-05-11T17:32:21.084+0300,Study,,Guguklu Saat,True
2021-05-11T20:19:16.499+0300,2021-05-11T20:44:16.499+0300,Study,,Guguklu Saat,True
2021-05-11T21:36:35.577+0300,2021-05-11T22:41:35.577+0300,Study,,Guguklu Saat,True
2021-05-12T11:06:43.334+0300,2021-05-12T12:01:43.334+0300,Study,,Guguklu Saat,True
2021-05-12T14:50:18.620+0300,2021-05-12T15:45:18.620+0300,Study,,Guguklu Saat,True
2021-05-12T18:32:10.363+0300,2021-05-12T19:37:10.363+0300,Study,,Guguklu Saat,True
2021-05-13T13:06:32.813+0300,2021-05-13T13:36:32.813+0300,Study,,Guguklu Saat,True
2021-05-14T16:28:44.301+0300,2021-05-14T16:58:44.301+0300,Study,,Guguklu Saat,True
2021-05-14T17:50:08.702+0300,2021-05-14T18:20:08.702+0300,Study,,Guguklu Saat,True
2021-05-14T18:55:23.974+0300,2021-05-14T19:25:23.974+0300,Study,,Guguklu Saat,True
2021-05-21T15:09:42.816+0300,2021-05-21T15:54:42.816+0300,Study,,Guguklu Saat,True
2021-05-21T21:41:36.249+0300,2021-05-21T22:26:36.249+0300,Study,,Guguklu Saat,True
2021-05-26T23:33:12.911+0300,2021-05-26T23:58:12.911+0300,Study,,Guguklu Saat,True
2021-05-27T22:28:53.412+0300,2021-05-27T23:03:53.412+0300,Study,,Guguklu Saat,True
2021-06-04T08:55:29.830+0300,2021-06-04T09:55:29.830+0300,Study,,Guguklu Saat,True
2021-06-06T22:43:53.526+0300,2021-06-06T23:28:53.526+0300,Study,,Guguklu Saat,True
2021-06-07T20:27:45.461+0300,2021-06-07T21:17:45.461+0300,Study,,Guguklu Saat,True
2021-06-11T12:16:18.934+0300,2021-06-11T14:16:18.934+0300,Study,,Guguklu Saat,True
2021-06-18T18:00:01.564+0300,2021-06-18T19:30:01.564+0300,Study,,Guguklu Saat,True
2021-06-22T17:35:23.238+0300,2021-06-22T18:00:23.238+0300,Study,,Guguklu Saat,True
2021-07-03T22:45:49.983+0300,2021-07-03T23:15:49.983+0300,Study,,Guguklu Saat,True
2021-07-05T00:42:13.100+0300,2021-07-05T01:12:13.100+0300,Study,,Guguklu Saat,True
2021-07-08T15:50:32.134+0300,2021-07-08T16:50:32.134+0300,Study,,Guguklu Saat,True
2021-07-12T16:45:17.922+0300,2021-07-12T17:15:17.922+0300,Other,,Guguklu Saat,True
2021-08-24T22:38:43.820+0300,2021-08-24T23:53:43.820+0300,Other,,Guguklu Saat,True
2021-11-15T22:02:12.249+0300,2021-11-15T22:42:12.249+0300,Other,,Guguklu Saat,True
2021-11-16T16:46:22.988+0300,2021-11-16T17:16:22.988+0300,Other,,Guguklu Saat,True
2021-11-16T22:43:03.027+0300,2021-11-16T23:23:03.027+0300,Other,,Guguklu Saat,True
2021-11-16T23:23:20.253+0300,2021-11-17T00:03:20.253+0300,Other,,Guguklu Saat,True
2021-12-09T22:40:52.717+0300,2021-12-09T23:40:52.717+0300,Other,,Guguklu Saat,True
2021-12-14T23:24:57.963+0300,2021-12-14T23:59:57.963+0300,Other,,Guguklu Saat,True
2021-12-15T11:10:13.052+0300,2021-12-15T11:50:13.052+0300,Study,,Sedir Ağacı,True
2021-12-15T12:02:13.628+0300,2021-12-15T12:22:13.628+0300,Study,,Sedir Ağacı,True
2021-12-15T21:23:53.871+0300,2021-12-15T21:43:53.871+0300,Study,,Sedir Ağacı,True
2021-12-15T22:47:50.307+0300,2021-12-15T23:07:50.307+0300,Study,,Sedir Ağacı,True
2021-12-22T11:36:23.261+0300,2021-12-22T11:51:23.261+0300,Study,,Sedir Ağacı,True
2021-12-22T11:59:31.257+0300,2021-12-22T12:14:31.257+0300,Study,,Çalı,True
2022-01-10T18:34:23.472+0300,2022-01-10T18:59:23.472+0300,Study,,Çalı,True
2022-01-10T19:01:48.646+0300,2022-01-10T19:31:48.646+0300,Study,,Çalı,True
2022-01-11T20:25:39.965+0300,2022-01-11T20:55:39.965+0300,Study,,Çalı,True
2022-01-16T13:47:40.730+0300,2022-01-16T15:47:40.730+0300,Study,,Çalı,True
2022-01-16T22:35:53.488+0300,2022-01-16T23:10:53.488+0300,Study,,Çalı,True
2022-01-17T16:38:04.959+0300,2022-01-17T18:38:04.959+0300,Study,,Çalı,True
2022-01-17T18:58:55.157+0300,2022-01-17T19:58:55.157+0300,Study,,Kiraz Çiçeği,True
2022-01-18T00:06:15.540+0300,2022-01-18T00:36:15.540+0300,Study,,Salkım Söğüt,True
2022-01-18T11:31:39.036+0300,2022-01-18T13:31:39.036+0300,Study,,Salkım Söğüt,True
2022-01-18T19:51:53.470+0300,2022-01-18T21:51:53.470+0300,Study,,Salkım Söğüt,True
2022-01-18T22:55:21.015+0300,2022-01-18T23:55:21.015+0300,Study,,Salkım Söğüt,True
2022-01-19T00:04:25.090+0300,2022-01-19T00:24:25.090+0300,Study,,Guguklu Saat,True
2022-01-19T12:35:43.172+0300,2022-01-19T14:35:43.172+0300,Study,,Sedir Ağacı,True
2022-01-19T14:39:42.570+0300,2022-01-19T16:09:42.570+0300,Study,,Akçaağaç,True
2022-01-19T16:10:19.344+0300,2022-01-19T18:10:19.344+0300,Study,,Akçaağaç,True
2022-01-19T19:38:25.254+0300,2022-01-19T20:43:25.254+0300,Study,,Kiraz Çiçeği,True
2022-01-19T20:44:40.956+0300,2022-01-19T22:14:40.956+0300,Study,,Kiraz Çiçeği,True
2022-01-21T00:07:43.254+0300,2022-01-21T01:07:43.254+0300,Study,,Kiraz Çiçeği,True
2022-01-22T23:25:47.960+0300,2022-01-23T01:25:47.960+0300,Study,,Kiraz Çiçeği,True
2022-01-24T12:35:43.177+0300,2022-01-24T13:35:43.177+0300,Study,,Kiraz Çiçeği,True
2022-01-27T14:31:29.443+0300,2022-01-27T16:31:29.443+0300,Study,,Kiraz Çiçeği,True
2022-02-04T10:32:40.111+0300,2022-02-04T12:32:40.111+0300,Study,,Kiraz Çiçeği,True
2022-02-04T13:02:26.491+0300,2022-02-04T14:02:26.491+0300,Study,,Salkım Söğüt,True
2022-02-04T15:00:59.698+0300,2022-02-04T16:00:59.698+0300,Study,,Guguklu Saat,True
2022-02-04T16:20:58.286+0300,2022-02-04T16:50:58.286+0300,Study,,Guguklu Saat,True
2022-02-05T11:14:25.810+0300,2022-02-05T13:14:25.810+0300,Study,,Guguklu Saat,True
2022-02-05T14:57:13.023+0300,2022-02-05T15:57:13.023+0300,Study,,Guguklu Saat,True
2022-02-09T15:58:42.089+0300,2022-02-09T16:58:42.089+0300,reading,,Salkım Söğüt,True
2022-02-12T09:46:29.778+0300,2022-02-12T11:06:29.778+0300,Other,,Salkım Söğüt,True
2022-03-11T23:31:25.955+0300,2022-03-12T00:21:25.955+0300,Other,,Salkım Söğüt,True
2022-03-30T23:25:22.188+0300,2022-03-31T00:15:22.188+0300,Other,,Salkım Söğüt,True
2022-04-11T17:47:53.496+0300,2022-04-11T18:22:53.496+0300,Other,,Salkım Söğüt,True
2022-04-12T22:21:50.819+0300,2022-04-12T22:56:50.819+0300,Other,,Salkım Söğüt,True
2022-04-12T23:26:18.642+0300,2022-04-13T00:01:18.642+0300,Other,,Salkım Söğüt,True
2022-04-13T21:18:59.588+0300,2022-04-13T21:48:59.588+0300,Other,,Salkım Söğüt,True
2022-04-13T22:32:43.437+0300,2022-04-13T23:32:43.437+0300,Other,,Salkım Söğüt,True
2022-04-13T23:38:54.011+0300,2022-04-14T00:08:54.011+0300,Other,,Salkım Söğüt,True
2022-04-14T10:53:21.276+0300,2022-04-14T11:33:21.276+0300,Other,,Salkım Söğüt,True
2022-04-17T00:11:54.950+0300,2022-04-17T01:06:54.950+0300,Other,,Salkım Söğüt,True
2022-05-07T20:42:36.402+0300,2022-05-07T21:37:36.402+0300,Other,,Salkım Söğüt,True
2022-05-23T17:13:48.535+0300,2022-05-23T17:43:48.535+0300,Other,,Salkım Söğüt,True
2022-05-23T23:18:12.586+0300,2022-05-24T00:03:12.586+0300,Other,,Salkım Söğüt,True
2022-05-24T22:32:48.200+0300,2022-05-24T23:17:48.200+0300,Other,,Salkım Söğüt,True
2022-05-27T08:46:55.189+0300,2022-05-27T09:31:55.189+0300,Other,,Salkım Söğüt,True
2022-05-27T09:43:45.758+0300,2022-05-27T10:33:45.758+0300,Other,,Salkım Söğüt,True
2022-05-27T17:47:16.490+0300,2022-05-27T18:37:16.490+0300,Other,,Salkım Söğüt,True
2022-05-27T22:26:09.565+0300,2022-05-27T23:16:09.565+0300,Other,,Salkım Söğüt,True
2022-06-01T12:48:40.281+0300,2022-06-01T13:38:40.281+0300,Other,,Salkım Söğüt,True
2022-06-04T22:55:10.232+0300,2022-06-04T23:55:10.232+0300,Other,,Salkım Söğüt,True
2022-06-06T22:25:10.299+0300,2022-06-06T23:25:10.299+0300,Other,,Salkım Söğüt,True
2022-06-07T23:06:26.665+0300,2022-06-08T00:06:26.665+0300,Other,,Salkım Söğüt,True
2022-06-08T00:14:06.353+0300,2022-06-08T00:49:06.353+0300,Other,,Salkım Söğüt,True
2022-06-08T21:10:33.861+0300,2022-06-08T22:05:33.861+0300,Other,,Salkım Söğüt,True
2022-06-08T22:39:13.038+0300,2022-06-08T23:04:13.038+0300,Other,,Salkım Söğüt,True
2022-06-12T12:07:14.796+0300,2022-06-12T13:02:14.796+0300,Other,,Salkım Söğüt,True
2022-06-12T16:45:36.765+0300,2022-06-12T17:40:36.765+0300,Other,,Salkım Söğüt,True
2022-06-12T22:47:43.247+0300,2022-06-12T23:42:43.247+0300,Other,,Salkım Söğüt,True
2022-06-13T17:31:53.509+0300,2022-06-13T18:26:53.509+0300,Other,,Salkım Söğüt,True
2022-06-13T19:52:43.474+0300,2022-06-13T20:47:43.474+0300,Other,,Salkım Söğüt,True
2022-06-13T21:54:33.409+0300,2022-06-13T22:44:33.409+0300,Other,,Salkım Söğüt,True
2022-06-13T23:17:17.680+0300,2022-06-14T00:17:17.680+0300,Other,,Salkım Söğüt,True
2022-06-15T19:58:15.720+0300,2022-06-15T21:18:15.720+0300,Other,,Salkım Söğüt,True
2022-06-16T13:40:25.683+0300,2022-06-16T14:20:25.683+0300,Other,,Salkım Söğüt,True
2022-06-18T19:22:45.898+0300,2022-06-18T20:22:45.898+0300,Other,,Salkım Söğüt,True
2022-06-19T17:36:51.843+0300,2022-06-19T18:36:51.843+0300,Other,,Salkım Söğüt,True
2022-06-19T22:44:42.053+0300,2022-06-19T23:44:42.053+0300,Other,,Salkım Söğüt,True
2022-07-01T22:10:10.815+0300,2022-07-02T00:05:10.815+0300,Other,,Salkım Söğüt,True
2022-07-03T22:01:55.645+0300,2022-07-04T00:01:55.645+0300,Other,,Salkım Söğüt,True
2022-07-04T23:36:55.456+0300,2022-07-05T00:11:55.456+0300,Other,,Salkım Söğüt,True
2022-07-08T16:35:20.395+0300,2022-07-08T17:25:20.395+0300,Other,,Salkım Söğüt,True
2022-07-08T17:33:39.063+0300,2022-07-08T18:03:39.063+0300,Other,,Salkım Söğüt,True
2022-07-11T18:36:58.409+0300,2022-07-11T19:21:58.409+0300,Other,,Salkım Söğüt,True
2022-07-11T19:24:16.467+0300,2022-07-11T20:09:16.467+0300,Other,,Salkım Söğüt,True
2022-07-16T19:17:01.679+0300,2022-07-16T20:02:01.679+0300,Other,,Salkım Söğüt,True
2022-07-17T18:52:15.811+0300,2022-07-17T19:37:15.811+0300,Other,,Salkım Söğüt,True
2022-07-17T20:31:37.330+0300,2022-07-17T21:11:37.330+0300,Other,,Salkım Söğüt,True
2022-07-17T21:21:11.188+0300,2022-07-17T22:01:11.188+0300,Other,,Salkım Söğüt,True
2022-07-20T18:35:37.736+0300,2022-07-20T19:35:37.736+0300,Other,,Salkım Söğüt,True
2022-07-20T20:13:04.433+0300,2022-07-20T21:13:04.433+0300,Other,,Salkım Söğüt,True
2022-07-20T21:20:04.534+0300,2022-07-20T21:40:04.534+0300,Other,,Salkım Söğüt,True
2022-07-21T16:42:02.027+0300,2022-07-21T18:42:02.027+0300,Other,,Salkım Söğüt,True
2022-07-26T20:34:18.223+0300,2022-07-26T22:34:18.223+0300,Other,,Guguklu Saat,True
2022-07-27T10:55:05.514+0300,2022-07-27T12:55:05.514+0300,Other,,Guguklu Saat,True
2022-07-27T16:24:34.802+0300,2022-07-27T17:09:34.802+0300,Other,,Guguklu Saat,True
2022-07-28T11:17:48.958+0300,2022-07-28T13:17:48.958+0300,Other,,Sedir Ağacı,True
2022-08-05T09:20:12.489+0300,2022-08-05T09:50:12.489+0300,Other,,Sedir Ağacı,True
2022-08-05T10:25:37.449+0300,2022-08-05T11:20:37.449+0300,Other,,Sedir Ağacı,True
2022-08-05T13:33:44.057+0300,2022-08-05T14:28:44.057+0300,Other,,Sedir Ağacı,True
2022-08-05T16:06:56.231+0300,2022-08-05T17:21:56.231+0300,Other,,Sedir Ağacı,True
2022-08-05T18:43:25.179+0300,2022-08-05T19:43:25.179+0300,Other,,Elma Ağacı,True
2022-08-06T14:52:37.593+0300,2022-08-06T15:22:37.593+0300,Other,,Elma Ağacı,True
2022-08-08T19:09:31.068+0300,2022-08-08T21:09:31.068+0300,Other,,Elma Ağacı,True
2022-08-08T21:30:33.692+0300,2022-08-08T21:55:33.692+0300,Other,,Elma Ağacı,True
2022-08-09T14:12:51.234+0300,2022-08-09T16:12:51.234+0300,Other,,Akçaağaç,True
2022-08-09T16:39:38.926+0300,2022-08-09T17:14:38.926+0300,Other,,Akçaağaç,True
2022-08-10T14:31:06.945+0300,2022-08-10T16:31:06.945+0300,Other,,Guguklu Saat,True
2022-08-19T17:15:58.140+0300,2022-08-19T18:20:58.140+0300,Other,,Guguklu Saat,True
2022-08-22T20:07:33.282+0300,2022-08-22T22:07:33.282+0300,Other,,Sedir Ağacı,True
2022-08-28T20:48:17.019+0300,2022-08-28T21:13:17.019+0300,Other,,Sedir Ağacı,True
2022-08-29T19:59:04.841+0300,2022-08-29T20:59:04.841+0300,Other,,Sedir Ağacı,True
2022-08-30T10:24:43.529+0300,2022-08-30T11:24:43.529+0300,Other,,Guguklu Saat,True
2022-09-04T22:30:26.210+0300,2022-09-04T23:30:26.210+0300,Other,,Guguklu Saat,True
2022-09-14T09:10:24.082+0300,2022-09-14T10:10:24.082+0300,Other,,Guguklu Saat,True
2022-09-14T11:07:51.089+0300,2022-09-14T11:32:51.089+0300,Other,,Guguklu Saat,True
2022-09-18T22:03:03.217+0300,2022-09-18T22:48:03.217+0300,Other,,Guguklu Saat,True
2022-09-18T23:23:10.609+0300,2022-09-19T00:03:10.609+0300,Other,,Guguklu Saat,True
2022-09-22T11:16:59.120+0300,2022-09-22T11:56:59.120+0300,Other,,Guguklu Saat,True
2022-09-22T12:35:09.178+0300,2022-09-22T13:15:09.178+0300,Other,,Guguklu Saat,True
2022-09-22T13:35:04.900+0300,2022-09-22T14:15:04.900+0300,Other,,Guguklu Saat,True
2022-09-23T10:51:07.484+0300,2022-09-23T11:31:07.484+0300,Other,,Guguklu Saat,True
2022-09-23T14:38:38.909+0300,2022-09-23T15:38:38.909+0300,Other,,Guguklu Saat,True
2022-10-16T14:57:11.223+0300,2022-10-16T15:37:11.223+0300,Other,,Guguklu Saat,True
2022-11-16T21:47:11.142+0300,2022-11-16T22:27:11.142+0300,Other,,Guguklu Saat,True
2022-12-05T22:27:25.361+0300,2022-12-05T23:07:25.361+0300,Other,,Guguklu Saat,True
2023-01-07T16:56:01.012+0300,2023-01-07T17:21:01.012+0300,Other,,Guguklu Saat,True
2023-01-07T17:25:31.563+0300,2023-01-07T17:50:31.563+0300,Other,,Guguklu Saat,True
2023-01-10T18:21:10.076+0300,2023-01-10T19:16:10.076+0300,Other,,Guguklu Saat,True
2023-02-01T15:13:33.195+0300,2023-02-01T15:43:33.195+0300,Other,,Guguklu Saat,True
2023-03-14T21:44:44.401+0300,2023-03-14T22:19:44.401+0300,Other,,Guguklu Saat,True
2023-03-18T17:09:39.657+0300,2023-03-18T18:14:39.657+0300,Other,,Guguklu Saat,True
2023-03-19T11:08:49.015+0300,2023-03-19T11:43:49.015+0300,Other,,Guguklu Saat,True
2023-03-19T21:30:33.893+0300,2023-03-19T22:05:33.893+0300,Other,,Guguklu Saat,True
2023-03-21T10:23:59.295+0300,2023-03-21T11:33:59.295+0300,Other,,Guguklu Saat,True
2023-03-21T12:13:34.053+0300,2023-03-21T12:33:34.053+0300,Other,,Guguklu Saat,True
2023-03-21T13:07:19.079+0300,2023-03-21T14:12:19.079+0300,Other,,Guguklu Saat,True
2023-03-22T08:42:51.443+0300,2023-03-22T09:27:51.443+0300,Other,,Guguklu Saat,True
2023-03-22T12:01:00.955+0300,2023-03-22T12:46:00.955+0300,Other,,Guguklu Saat,True
2023-04-18T14:12:04.652+0300,2023-04-18T15:17:04.652+0300,Other,,Guguklu Saat,True
2023-04-18T15:54:50.312+0300,2023-04-18T16:59:50.312+0300,Other,,Guguklu Saat,True
2023-04-23T15:11:34.192+0300,2023-04-23T15:46:34.192+0300,Other,,Guguklu Saat,True
2023-05-18T13:33:37.564+0300,2023-05-18T14:08:37.564+0300,Other,,Guguklu Saat,True
2023-05-18T18:22:16.657+0300,2023-05-18T18:57:16.657+0300,Other,,Guguklu Saat,True
2023-05-20T14:02:32.294+0300,2023-05-20T15:02:32.294+0300,Other,,Guguklu Saat,True
2023-05-20T16:15:04.548+0300,2023-05-20T17:15:04.548+0300,Other,,Guguklu Saat,True
2023-05-22T20:40:34.836+0300,2023-05-22T21:40:34.836+0300,Other,,Guguklu Saat,True
2023-05-22T22:30:12.867+0300,2023-05-22T23:00:12.867+0300,Other,,Guguklu Saat,True
2023-05-23T12:53:07.071+0300,2023-05-23T13:33:07.071+0300,Other,,Guguklu Saat,True
2023-05-23T14:08:31.547+0300,2023-05-23T14:48:31.547+0300,Other,,Guguklu Saat,True
2023-05-23T15:33:37.589+0300,2023-05-23T16:13:37.589+0300,Other,,Guguklu Saat,True
2023-05-23T17:07:57.664+0300,2023-05-23T17:47:57.664+0300,Other,,Guguklu Saat,True
2023-05-24T15:22:07.110+0300,2023-05-24T15:47:07.110+0300,Other,,Guguklu Saat,True
2023-05-24T22:45:02.492+0300,2023-05-24T23:15:02.492+0300,Other,,Guguklu Saat,True
2023-05-25T13:34:01.102+0300,2023-05-25T14:04:01.102+0300,Other,,Guguklu Saat,True
2023-05-29T16:36:40.042+0300,2023-05-29T17:41:40.042+0300,Other,,Guguklu Saat,True
2023-05-29T22:16:18.307+0300,2023-05-29T22:56:18.307+0300,Other,,Guguklu Saat,True
2023-05-30T16:28:29.652+0300,2023-05-30T17:08:29.652+0300,Other,,Guguklu Saat,True
2023-06-01T16:25:37.281+0300,2023-06-01T17:05:37.281+0300,Other,,Guguklu Saat,True
2023-06-04T16:10:22.343+0300,2023-06-04T16:50:22.343+0300,Other,,Guguklu Saat,True
2023-06-04T17:32:41.352+0300,2023-06-04T18:32:41.352+0300,Other,,Guguklu Saat,True
2023-06-04T23:22:36.587+0300,2023-06-05T00:22:36.587+0300,Other,,Guguklu Saat,True
2023-06-05T23:30:44.548+0300,2023-06-06T00:30:44.548+0300,Other,,Guguklu Saat,True
2023-06-06T23:36:42.174+0300,2023-06-07T00:16:42.174+0300,Other,,Guguklu Saat,True
2023-06-07T00:26:58.838+0300,2023-06-07T00:56:58.838+0300,Other,,Guguklu Saat,True
2023-06-07T01:41:14.423+0300,2023-06-07T02:11:14.423+0300,Other,,Guguklu Saat,True
2023-06-07T11:35:10.780+0300,2023-06-07T12:05:10.780+0300,Other,,Guguklu Saat,True
2023-06-07T12:29:38.369+0300,2023-06-07T12:59:38.369+0300,Other,,Guguklu Saat,True
2023-06-07T14:02:08.097+0300,2023-06-07T14:32:08.097+0300,Other,,Guguklu Saat,True
2023-06-07T14:56:14.704+0300,2023-06-07T15:56:14.704+0300,Other,,Guguklu Saat,True
2023-06-07T16:38:59.524+0300,2023-06-07T17:38:59.524+0300,Other,,Guguklu Saat,True
2023-06-07T20:19:42.898+0300,2023-06-07T21:19:42.898+0300,Other,,Guguklu Saat,True
2023-07-16T19:33:04.750+0300,2023-07-16T20:33:04.750+0300,Other,,Guguklu Saat,True
2023-07-19T22:29:51.924+0300,2023-07-19T23:29:51.924+0300,Other,,Guguklu Saat,True
2023-07-22T15:28:10.187+0300,2023-07-22T15:58:10.187+0300,Other,,Guguklu Saat,True
2023-07-24T21:16:50.953+0300,2023-07-24T22:01:50.953+0300,Other,,Guguklu Saat,True
2023-08-05T10:45:09.263+0300,2023-08-05T11:30:09.263+0300,Other,,Guguklu Saat,True
2023-08-05T12:53:30.620+0300,2023-08-05T13:38:30.620+0300,Other,,Guguklu Saat,True
2023-08-05T13:47:13.312+0300,2023-08-05T14:32:13.312+0300,Other,,Guguklu Saat,True
2023-08-05T14:35:15.429+0300,2023-08-05T15:20:15.429+0300,Other,,Guguklu Saat,True
2023-08-12T17:44:35.815+0300,2023-08-12T18:19:35.815+0300,Other,,Guguklu Saat,True
2023-08-16T09:59:38.467+0300,2023-08-16T10:59:38.467+0300,Other,,Guguklu Saat,True
2023-08-16T12:11:47.201+0300,2023-08-16T13:11:47.201+0300,Other,,Guguklu Saat,True
2023-08-16T18:19:00.895+0300,2023-08-16T19:19:00.895+0300,Other,,Guguklu Saat,True
2023-08-20T13:45:05.505+0300,2023-08-20T14:45:05.505+0300,Other,,Guguklu Saat,True
2023-09-17T16:22:30.694+0300,2023-09-17T16:57:30.694+0300,Other,,Guguklu Saat,True
2023-11-25T13:07:46.068+0300,2023-11-25T13:52:46.068+0300,Other,,Guguklu Saat,True
2023-11-25T13:55:56.570+0300,2023-11-25T14:40:56.570+0300,Other,,Guguklu Saat,True
2023-11-26T16:20:07.373+0300,2023-11-26T17:05:07.373+0300,Other,,Guguklu Saat,True